번호,칭호번호,이름,칭호,문구,분류,등급,조건,판정식,숨김,플레이버,필요한 데이터,지금 구현 가능,출처,메모
1-1,3-1,3대 200,쇠질 입문자,"봉이 무겁다는 걸 알게 된 당신, 시작이 반입니다",3대 합계,초보,벤치프레스 · 백 스쿼트 · 데드리프트 1RM(종목마다 역대 최고) 합계 200kg 이상,저장: 3대 >= 200,아니오,,기록(세트 w·r·종류),예,12-10 3대 합계 ← 12-5 3대 합계,기준값은 [내 생각](12-5) — 나이 · 성별 · 체중별로 달리할지 미정 · 진행 막대 = 3대 ÷ 다음 단계
1-2,3-2,3대 300,3대 300,헬스장에서 '좀 하시네요' 소리 들을 준비 완료,3대 합계,중급,벤치프레스 · 백 스쿼트 · 데드리프트 1RM(종목마다 역대 최고) 합계 300kg 이상,저장: 3대 >= 300,아니오,,기록(세트 w·r·종류),예,12-10 3대 합계 ← 12-5 3대 합계,기준값은 [내 생각](12-5) — 나이 · 성별 · 체중별로 달리할지 미정 · 진행 막대 = 3대 ÷ 다음 단계
1-3,3-3,3대 400,원판 수집가,이제 원판이 모자라 보이기 시작합니다. 존중합니다,3대 합계,중급,벤치프레스 · 백 스쿼트 · 데드리프트 1RM(종목마다 역대 최고) 합계 400kg 이상,저장: 3대 >= 400,아니오,,기록(세트 w·r·종류),예,12-10 3대 합계 ← 12-5 3대 합계,기준값은 [내 생각](12-5) — 나이 · 성별 · 체중별로 달리할지 미정 · 진행 막대 = 3대 ÷ 다음 단계
1-4,3-4,3대 500,오백의 사나이,축하합니다. 이제 이사할 때 부르는 사람 1순위입니다,3대 합계,고급,벤치 · 스쿼트 · 데드 합계 500kg 달성 (12-6 일반 설명),저장: 3대 >= 500,아니오,"일찍이 오백을 넘은 자들은 모두 같은 말을 남겼다. ""원판이 모자라다."" 그들이 떠난 자리에는 휘어진 봉만이 남아 있었다.",기록(세트 w·r·종류),예,12-10 3대 합계 ← 12-5 3대 합계 · 일반 설명 · 플레이버 12-6,기준값은 [내 생각](12-5) — 나이 · 성별 · 체중별로 달리할지 미정 · 진행 막대 = 3대 ÷ 다음 단계
1-5,3-5,3대 600,중력 부정론자,지구가 당신을 싫어합니다. 당신도 지구를 싫어하는 것 같고요,3대 합계,미친자,벤치프레스 · 백 스쿼트 · 데드리프트 1RM(종목마다 역대 최고) 합계 600kg 이상,저장: 3대 >= 600,아니오,,기록(세트 w·r·종류),예,12-10 3대 합계 ← 12-5 3대 합계,기준값은 [내 생각](12-5) — 나이 · 성별 · 체중별로 달리할지 미정 · 진행 막대 = 3대 ÷ 다음 단계
1-6,3-6,3대 700,인간 지게차,존경합니다. 그런데 문 손잡이는 살살 잡아 주세요,3대 합계,미친자,벤치프레스 · 백 스쿼트 · 데드리프트 1RM(종목마다 역대 최고) 합계 700kg 이상,저장: 3대 >= 700,아니오,,기록(세트 w·r·종류),예,12-10 3대 합계 ← 12-5 3대 합계,기준값은 [내 생각](12-5) — 나이 · 성별 · 체중별로 달리할지 미정
1-7,3-7,벤치 60,가슴 개척자,"봉 양쪽에 20kg, 첫 원판의 감동",종목별,초보,벤치프레스 1RM 60kg 이상,"저장: 최고RM(""벤치프레스"") >= 60",아니오,,기록(세트 w·r·종류),예,12-10 종목별 ← 12-5 종목별,
1-8,3-8,벤치 100,백벤치 클럽,인사 대신 '벤치 몇 치세요?' 를 들을 자격,종목별,중급,벤치프레스 1RM 100kg 이상,"저장: 최고RM(""벤치프레스"") >= 100",아니오,,기록(세트 w·r·종류),예,12-10 종목별 ← 12-5 종목별,
1-9,3-9,벤치 140,가슴이 먼저 도착하는 사람,문을 열기 전에 가슴이 먼저 들어갑니다,종목별,고급,벤치프레스 1RM 140kg 이상,"저장: 최고RM(""벤치프레스"") >= 140",아니오,,기록(세트 w·r·종류),예,12-10 종목별 ← 12-5 종목별,
1-10,3-10,스쿼트 140,하체 무시 안 함,닭다리 탈출을 공식 인증합니다,종목별,중급,백 스쿼트 1RM 140kg 이상,"저장: 최고RM(""백 스쿼트"") >= 140",아니오,,기록(세트 w·r·종류),예,12-10 종목별 ← 12-5 종목별,별칭 '스쿼트'(바벨) 포함
1-11,3-11,스쿼트 200,계단의 적,"스쿼트 200, 대신 다음 날 계단은 당신의 적입니다",종목별,고급,백 스쿼트 1RM 200kg 이상,"저장: 최고RM(""백 스쿼트"") >= 200",아니오,,기록(세트 w·r·종류),예,12-10 종목별 ← 12-5 종목별,별칭 '스쿼트'(바벨) 포함
1-12,3-12,데드 180,바닥 청소부,바닥에 있는 건 뭐든 들어 올립니다,종목별,중급,데드리프트 1RM 180kg 이상,"저장: 최고RM(""데드리프트"") >= 180",아니오,,기록(세트 w·r·종류),예,12-10 종목별 ← 12-5 종목별,에플리는 데드를 과소추정한다는 보고(00 작업현황 8절) — 실제 1회 기록은 그대로 1RM
1-13,3-13,데드 250,허리에 보험 든 사람,존경합니다. 보험사는 당신을 싫어합니다,종목별,고급,데드리프트 1RM 250kg 이상,"저장: 최고RM(""데드리프트"") >= 250",아니오,,기록(세트 w·r·종류),예,12-10 종목별 ← 12-5 종목별,에플리는 데드를 과소추정한다는 보고(00 작업현황 8절) — 실제 1회 기록은 그대로 1RM
1-14,3-14,오버헤드 프레스 = 체중,하늘 받침대,천장이 낮게 느껴지기 시작합니다,종목별,중급,오버헤드 프레스 1RM 이 체중 이상,"저장: 최고RM(""오버헤드 프레스"") >= 체중",아니오,,기록(세트 w·r·종류) · 몸.체중,예,12-10 종목별 ← 12-5 종목별,체중 = 판정 순간 설정 체중(몸.체중). 그날 체중 칸(12-1)이 생기면 그 기록의 체중으로
1-15,3-15,체중 대비 벤치 1배,내 몸은 내가 민다,자기 몸무게를 밀어낸 사람,종목별,중급,벤치프레스 1RM 이 체중의 1배 이상,"저장: 최고RM(""벤치프레스"") >= 체중 × 1.0",아니오,,기록(세트 w·r·종류) · 몸.체중,예,12-10 종목별 ← 12-5 종목별,체중 = 판정 순간 설정 체중(몸.체중). 그날 체중 칸(12-1)이 생기면 그 기록의 체중으로
1-16,3-16,체중 대비 데드 2.5배,몸무게는 거들 뿐,당신의 체중은 이제 워밍업입니다,종목별,고급,데드리프트 1RM 이 체중의 2.5배 이상,"저장: 최고RM(""데드리프트"") >= 체중 × 2.5",아니오,,기록(세트 w·r·종류) · 몸.체중,예,12-10 종목별 ← 12-5 종목별,체중 = 판정 순간 설정 체중(몸.체중). 그날 체중 칸(12-1)이 생기면 그 기록의 체중으로
1-17,3-17,첫 맨몸 턱걸이 1회,철봉과 화해,드디어 철봉이 당신을 받아들였습니다,맨몸,초보,보조 없이 턱걸이 1회 (12-6 일반 설명),"저장: 최다연속(""턱걸이"") >= 1",아니오,"오랫동안 철봉은 그를 밀어냈다. 매달린 날들이 쌓여 어느 아침 턱이 봉을 넘었을 때, 철봉은 처음으로 침묵했다.",기록(세트 w·r·종류) · 몸.체중,예,12-10 맨몸 ← 12-5 맨몸 · 일반 설명 · 플레이버 12-6,"정자세(s) = s.w == 0 || s.w >= 체중 × 맨몸비 × 0.95 [제안] — 어시스트 세트(w = 체중 − 보조)는 빠진다. 루틴 기록은 무게를 0 으로 적었을 수 있어 0 도 정자세 · 별칭 '풀업' 포함, '어시스트 풀업'(머신)은 다른 종목"
1-18,3-18,팔굽혀펴기 20,바닥과 친구,군대 가도 안 혼납니다,맨몸,초보,팔굽혀펴기 한 세트 20회 이상,"저장: 최다연속(""팔굽혀펴기"") >= 20",아니오,,기록(세트 w·r·종류),예,12-10 맨몸 ← 12-5 맨몸,문서엔 '연속' 이 없지만 한 세트 20회로 봄 [제안] · 별칭 '푸시업' 포함 · 정자세(s) = s.w == 0 || s.w >= 체중 × 맨몸비 × 0.95 [제안] — 어시스트 세트(w = 체중 − 보조)는 빠진다. 루틴 기록은 무게를 0 으로 적었을 수 있어 0 도 정자세
1-19,3-19,턱걸이 연속 15,등이 넓어지는 중,문 지나갈 때 옆으로 서는 날이 옵니다,맨몸,중급,턱걸이 한 세트 15회 연속 (보조 없이),"저장: 최다연속(""턱걸이"") >= 15",아니오,,기록(세트 w·r·종류) · 몸.체중,예,12-10 맨몸 ← 12-5 맨몸,정자세(s) = s.w == 0 || s.w >= 체중 × 맨몸비 × 0.95 [제안] — 어시스트 세트(w = 체중 − 보조)는 빠진다. 루틴 기록은 무게를 0 으로 적었을 수 있어 0 도 정자세
1-20,3-20,턱걸이 연속 30,중력 협상가,중력과 협상 중. 아직은 당신이 이기고 있습니다,맨몸,고급,턱걸이 한 세트 30회 연속 (보조 없이),"저장: 최다연속(""턱걸이"") >= 30",아니오,,기록(세트 w·r·종류) · 몸.체중,예,12-10 맨몸 ← 12-5 맨몸,정자세(s) = s.w == 0 || s.w >= 체중 × 맨몸비 × 0.95 [제안] — 어시스트 세트(w = 체중 − 보조)는 빠진다. 루틴 기록은 무게를 0 으로 적었을 수 있어 0 도 정자세
1-21,3-21,턱걸이 연속 50,철봉 거주자,주소지를 철봉으로 옮기셨나요? 존경과 걱정을 함께 보냅니다,맨몸,미친자,턱걸이 한 세트 50회 연속 (보조 없이),"저장: 최다연속(""턱걸이"") >= 50",아니오,,기록(세트 w·r·종류) · 몸.체중,예,12-10 맨몸 ← 12-5 맨몸,정자세(s) = s.w == 0 || s.w >= 체중 × 맨몸비 × 0.95 [제안] — 어시스트 세트(w = 체중 − 보조)는 빠진다. 루틴 기록은 무게를 0 으로 적었을 수 있어 0 도 정자세
1-22,3-22,맨몸 스쿼트 연속 100,무릎 장인,무릎이 고맙다고 전해 달래요,맨몸,중급,맨몸 스쿼트 한 세트 100회 연속,"저장: 최다연속(""맨몸 스쿼트"") >= 100",아니오,,기록(세트 w·r·종류),예,12-10 맨몸 ← 12-5 맨몸,21 문서: '500개' = 한 번에 연속 500개
1-23,3-23,맨몸 스쿼트 연속 500,앉았다 일어서기 명인,의자가 필요 없는 삶. 그런데 왜 그러셨어요?,맨몸,미친자,맨몸 스쿼트 한 세트 500회 연속,"저장: 최다연속(""맨몸 스쿼트"") >= 500",아니오,,기록(세트 w·r·종류),예,12-10 맨몸 ← 12-5 맨몸,21 문서: '500개' = 한 번에 연속 500개
1-24,3-24,플랭크 3분,버티기 달인,세상 풍파도 이렇게 버티면 됩니다,맨몸,중급,플랭크 한 번에 3분 이상 버팀,저장: 플랭크 세트 시간 >= 180초,아니오,,세트 시간(초) — 지금 세트는 무게 · 횟수만 있다,나중,12-10 맨몸 ← 12-5 맨몸,시간을 적는 종목(12-1 유산소처럼 '시간' 입력)이 먼저 필요
1-25,3-25,플랭크 10분,인간 판자,10분 동안 뭘 생각하셨는지 궁금합니다,맨몸,미친자,플랭크 한 번에 10분 이상 버팀,저장: 플랭크 세트 시간 >= 600초,아니오,,세트 시간(초) — 지금 세트는 무게 · 횟수만 있다,나중,12-10 맨몸 ← 12-5 맨몸,시간을 적는 종목(12-1 유산소처럼 '시간' 입력)이 먼저 필요
1-26,3-26,팔둘레 40,반팔이 끼는 사람,소매가 슬슬 불편해집니다,둘레 · 몸,중급,팔둘레 40cm 이상,몸기록: 최근 팔둘레 >= 40,아니오,,"신체 치수 기록(팔둘레, cm)",나중,12-10 둘레 · 몸 ← 12-5 둘레 · 몸,직접 입력 신체 치수(12-2) · 몸 기록 칸(12-1)이 먼저 필요
1-27,3-27,팔둘레 50,반팔 파괴자,옷 가게 점원이 당신을 기억합니다,둘레 · 몸,고급,팔둘레 50cm 이상,몸기록: 최근 팔둘레 >= 50,아니오,,"신체 치수 기록(팔둘레, cm)",나중,12-10 둘레 · 몸 ← 12-5 둘레 · 몸,직접 입력 신체 치수(12-2) · 몸 기록 칸(12-1)이 먼저 필요
1-28,3-28,허벅지 60,청바지의 적,청바지 매장에서 한숨이 늘었습니다,둘레 · 몸,중급,허벅지둘레 60cm 이상,몸기록: 최근 허벅지둘레 >= 60,아니오,,"신체 치수 기록(허벅지둘레, cm)",나중,12-10 둘레 · 몸 ← 12-5 둘레 · 몸,직접 입력 신체 치수(12-2) · 몸 기록 칸(12-1)이 먼저 필요
1-29,3-29,체지방률 첫 1%p 감소,지방과 이별 중,"천천히, 그러나 확실하게",둘레 · 몸,중급,체지방률이 처음 잰 값보다 1%p 이상 내려감,몸기록: 첫 체지방률 − 최근 체지방률 >= 1.0,아니오,,"인바디 기록(체지방률 %, 2번 이상)",나중,12-10 둘레 · 몸 ← 12-5 둘레 · 몸,인바디 입력(12-3 · 12-1 몸 기록 칸)이 먼저 필요
1-30,3-30,골격근량 +5kg,근육 저축왕,통장 잔고보다 근육 잔고가 먼저 늘었습니다,둘레 · 몸,고급,골격근량이 처음 잰 값보다 5kg 이상 늘어남,몸기록: 최근 골격근량 − 첫 골격근량 >= 5.0,아니오,,"인바디 기록(골격근량 kg, 2번 이상)",나중,12-10 둘레 · 몸 ← 12-5 둘레 · 몸,인바디 입력(12-3 · 12-1 몸 기록 칸)이 먼저 필요
1-31,3-31,첫 운동 기록,첫 발자국,오늘 온 것만으로 이미 대단합니다,꾸준함 · 성실,초보,운동을 처음 저장함,저장: 기록.size >= 1,아니오,,기록,예,12-10 꾸준함 · 성실 ← 12-5 꾸준함 · 성실,1-45 와 같은 순간에 달성된다 (스탯명세 8절 모순)
1-32,3-32,주 3회 × 4주,습관의 씨앗,"한 달을 버틴 당신, 절반은 성공입니다",꾸준함 · 성실,초보,한 주(월~일)에 3일 이상 운동을 4주 연속,저장: 연속한 4개 주 모두 운동날수(주) >= 3,아니오,,기록(열쇠 = 날짜),예,12-10 꾸준함 · 성실 ← 12-5 꾸준함 · 성실,주 = 월~일 [제안] · '한 번 더'(~2)는 같은 날로 셈
1-33,3-33,12주 연속 계획 달성,약속을 지키는 사람,석 달 동안 자신과의 약속을 지켰습니다,꾸준함 · 성실,중급,"12주 연속, 그 주의 계획을 다 지킴",저장 · 켤때: 연속한 12개 주 모두 (그 주 기록 >= 1 && 그 주 미실시 == 0 && 그 주 기록 전부 달성 == true),아니오,,기록.달성 · 미실시,예,12-10 꾸준함 · 성실 ← 12-5 꾸준함 · 성실,'계획 달성' 뜻은 [제안] · 미실시는 v0.7.0 부터만 쌓였다 → 그 뒤 주만 셈 · 지난 예정은 지워져 '계획이 있던 주' 를 따로 모른다
1-34,3-34,1년 동안 주 3회 이상,헬스장 지박령,관장님보다 헬스장에 오래 있습니다,꾸준함 · 성실,고급,"52주 연속, 매주 3일 이상 운동",저장: 연속한 52개 주 모두 운동날수(주) >= 3,아니오,,기록,예,12-10 꾸준함 · 성실 ← 12-5 꾸준함 · 성실,주 = 월~일 [제안]
1-35,3-35,365일 연속 운동,일상생활 가능하신가요?,존경합니다. 그런데 휴식도 운동입니다,꾸준함 · 성실,미친자,1년 동안 하루도 빠짐없이 운동 (12-6 일반 설명),저장: 운동날 이 365일 연속,아니오,"쉬는 법을 잊은 자는 결국 쉬는 법을 다시 배우게 된다. 대개 병원 침대 위에서. 그러니 오늘은 쉬어라, 방랑자여.",기록,예,12-10 꾸준함 · 성실 ← 12-5 꾸준함 · 성실 · 일반 설명 · 플레이버 12-6,말투: 지나친 것은 부정적 유머(12-5)
1-36,3-36,보충제 30일 빠짐없이,영양 성실왕,크레아틴이 당신을 자랑스러워합니다,꾸준함 · 성실,중급,"30일 연속, 그날 정한 보충제를 빠짐없이 먹음",즉시: 보충제 다 먹은 날 이 30일 연속,아니오,,보충제 복용 기록(종류 · 양 · 시각),나중,12-10 꾸준함 · 성실 ← 12-5 꾸준함 · 성실,보충제 기능(12-4 ⑨ 얼마나 먹었는지 입력)이 먼저 필요 · '빠짐없이' = 그날 목표량을 다 먹은 날 [제안]
1-37,3-37,새벽 5시 전 운동 30번,새벽의 망령,해보다 먼저 일어나는 사람. 잠은 언제 주무세요?,꾸준함 · 성실,미친자,새벽 5시 전에 시작한 운동 30번,저장: count(기록 k | 시작시(k) < 5) >= 30,아니오,,기록.시작시각,예,12-10 꾸준함 · 성실 ← 12-5 꾸준함 · 성실,시작시각 0(옛 기록)은 제외 · 2-15(3~5시)와 겹친다
1-38,3-38,계획된 휴식일 제대로 쉼 10번,쉴 줄 아는 사람,근육은 쉴 때 자랍니다. 잘하셨어요,스트레스 · 회복,초보,휴식일로 정해진 날에 운동하지 않고 쉰 날 10번,켤때: 쉰날.size >= 10,아니오,,"새 칸 쉰날 — 지금은 지난 예정을 지우고, 미실시에는 휴식일을 넣지 않는다(Logic.kt 놓친날담기)",새 칸,12-10 스트레스 · 회복 ← 12-5 스트레스 · 회복 (유머),놓친날담기에서 휴식일 루틴이던 지난 날도 '쉰날' 로 남기면 됨 [제안]
1-39,3-39,가기 싫은데 간 날 50번,의지의 화신,싫은 걸 해낸 날이 쌓여 지금의 당신이 됐습니다,스트레스 · 회복,중급,가기 싫다고 체크한 날 운동을 저장 50번,저장: count(기록 k | 컨디션(k) 에 '가기 싫음') >= 50,아니오,,운동 전 컨디션 칩(12-4 ⑦),나중,12-10 스트레스 · 회복 ← 12-5 스트레스 · 회복 (유머),컨디션 칩 항목 · 기준은 '대화로' 정하기로 함(12-4 ⑦)
1-40,3-40,스트레스 최고치에서도 운동,스트레스를 들어 올리는 자,그 스트레스도 1RM 에 포함해 드릴까요?,스트레스 · 회복,미친자,스트레스가 최고치(100)일 때 운동을 시작해 저장,저장: 시작할때스트레스(k) >= 스트레스최대(100),아니오,,스트레스 스탯(스탯명세 3절),나중,12-10 스트레스 · 회복 ← 12-5 스트레스 · 회복 (유머),스트레스 스탯이 먼저 필요
1-41,3-41,2주 연속 휴식,전략적 후퇴,후퇴가 아닙니다. 재정비입니다. (그렇죠?),스트레스 · 회복,유머,14일 연속 운동 기록 없음,켤때 · 저장: 이웃한 두 운동날 사이(또는 마지막 운동날 ~ 어제) 빈 날 >= 14일,아니오,,기록,예,12-10 스트레스 · 회복 ← 12-5 스트레스 · 회복 (유머),첫 기록 전은 세지 않음 · 등급 '유머' 는 말투 규칙 4단계(12-5) 밖 → 색 미정
1-42,3-42,첫 기록 갱신,성장의 맛,어제의 나를 이겼습니다,기록 갱신,초보,처음으로 기록 갱신,저장: 기록갱신(k).isNotEmpty(),아니오,,기록,예,12-10 기록 갱신 ← 12-5 기록 갱신,Logic.kt 기록갱신 그대로(1RM 또는 볼륨이 그 날 앞 모든 기록보다 좋음 · 처음 해 본 종목은 안 셈)
1-43,3-43,기록 갱신 50번,기록 사냥꾼,갱신이 취미가 됐습니다,기록 갱신,중급,기록 갱신 누적 50번,저장: Σ 기록갱신(k).size (모든 k) >= 50,아니오,,기록,예,12-10 기록 갱신 ← 12-5 기록 갱신,한 날 한 종목에서 1RM · 볼륨 둘 다 갱신하면 2번 [제안]
1-44,3-44,1년 전 나보다 모든 스탯 상승,1년 전의 나에게,1년 전의 당신이 지금의 당신을 보면 놀랄 겁니다,기록 갱신,고급,1년 전 같은 날보다 모든 스탯이 올라감,켤때: 스탯기록[오늘 − 365일 이전 가장 가까운 날] 과 오늘 둘 다 값이 있는 스탯 모두 오늘 > 그때 (스트레스 제외),아니오,,스탯 + 새 칸 스탯기록(날짜별 스탯 값),나중,12-10 기록 갱신 ← 12-5 기록 갱신,스탯 기능이 먼저 필요 · 스트레스는 낮을수록 좋아 뺌 [제안]
1-45,3-45,헬스장 첫 방문 기록,낯선 쇳소리,모두 여기서 시작했습니다. 저 근육맨도요,헬스장 생활,초보,운동을 처음 저장함 (1-31 과 같음),저장: 기록.size >= 1,아니오,,기록,예,12-10 헬스장 생활 ← 12-8 헬스장 생활,1-31 과 사실상 같은 조건(스탯명세 8절) · 장소(헬스장/집) 칸이 생기면 '장소 = 헬스장인 첫 기록' 으로 [제안]
1-46,3-46,같은 시간대 운동 30번,그 시간의 고정 멤버,이제 관장님이 당신 없으면 걱정합니다,헬스장 생활,중급,같은 시간대(같은 '시')에 시작한 운동 누적 30번,저장: max over h(count(기록 k | 시작시(k) == h)) >= 30,아니오,,기록.시작시각,예,12-10 헬스장 생활 ← 12-8 헬스장 생활,시간대 = 시작 시각의 '시' (예: 18:00~18:59) [제안] · 시작시각 0 은 제외
1-47,3-47,체중 5kg 감량,가벼워진 발걸음,계단이 한 칸 낮아진 것 같지 않나요?,몸 · 체중,중급,처음 적은 체중보다 5kg 이상 줄어듦,몸기록: 첫 체중 − 최근7일평균 체중 >= 5,아니오,,새 칸 체중기록(시각 · kg) — 지금은 설정 체중 한 값뿐,새 칸,12-10 몸 · 체중 ← 12-8 몸 · 체중,기준 = 처음 적은 체중 [제안] (최고 체중 아님) · 7일 평균은 12-2 [내 생각]
1-48,3-48,체중 20kg 감량,다른 사람이 되어 돌아옴,옛 사진 속 사람과 인사하세요,몸 · 체중,고급,처음 적은 체중보다 20kg 이상 줄어듦,몸기록: 첫 체중 − 최근7일평균 체중 >= 20,아니오,,새 칸 체중기록(시각 · kg) — 지금은 설정 체중 한 값뿐,새 칸,12-10 몸 · 체중 ← 12-8 몸 · 체중,1-47 과 같음
1-49,3-49,크레아틴 100일,크레아틴 신도,물 마시는 양이 두 배가 됐습니다,보충제 · 생활,중급,크레아틴 복용 체크 누적 100일,즉시: count(날 | 크레아틴 체크) >= 100,아니오,,보충제 복용 기록,나중,12-10 보충제 · 생활 ← 12-8 보충제 · 생활,보충제 기능(12-4 ⑨) 먼저 · 연속 아닌 누적 [제안]
1-50,3-50,측정일 전부 참석 (1년),시험을 피하지 않는 자,결과보다 마주하는 용기에 박수를,기록 · 측정,중급,1년 동안 플랜의 측정일을 한 번도 건너뛰지 않음,"켤때: 어떤 플랜 p 든 p.만든날 <= 오늘 − 365 이고, 그 365일 안 p 의 측정일 회 >= 1 이며 그 회들 모두 측정 세트(종류 2) 있음",아니오,,새 칸 — 플랜 회차별 '측정일이었나 · 측정 세트를 했나' (지금 측정들 에는 잰 것만 남는다),새 칸,12-10 기록 · 측정 ← 12-8 기록 · 측정,플랜은 회(세션) 기준이라 날짜로 '빠짐' 을 셀 수 없다 · 측정일 알림(12-1 ⑨)과 연결
1-51,3-51,스트레스 높은 날 운동 20번,쇠로 푸는 사람,쇳덩이는 말없이 들어줍니다,스트레스 · 의지력,중급,스트레스 높음(70 이상)일 때 운동 누적 20번,저장: count(기록 k | 시작할때스트레스(k) >= 스트레스높음(70)) >= 20,아니오,,스트레스 스탯,나중,12-10 스트레스 · 의지력 ← 12-8 스트레스 · 의지력,'높음' = 70 이상 [제안]
1-52,3-52,스트레스 0 을 30일 유지,해탈한 리프터,혹시 스님이세요?,스트레스 · 의지력,미친자,스트레스 0 을 30일 연속 유지,켤때: 스트레스기록 이 30일 연속 == 0,아니오,,스트레스 스탯 + 날짜별 스트레스 기록,나중,12-10 스트레스 · 의지력 ← 12-8 스트레스 · 의지력,
1-53,3-53,하체 운동 주 2회 × 12주,하체를 버리지 않은 자,다리가 당신을 기억할 겁니다. 계단에서요,체형 · 부위,중급,"부위 '하체' 운동을 주 2일 이상, 12주 연속",저장: 연속한 12개 주 모두 count(운동날 d | d 기록에 부위 == '하체' 종목) >= 2,아니오,,기록 · 종목표.부위,예,12-10 체형 · 부위 ← 12-9 체형 · 부위,부위는 종목표 그대로 — 데드리프트는 기본 '등' (Names.kt) [제안: 그대로 둠]
2-1,4-1,크리스마스에 운동,산타도 쉬는 날,(확정) 문구 미정,날짜 · 생활,(히든 · 등급 없음),12월 25일에 운동,저장: 월일(k) == 12-25,예,,기록 열쇠(날짜),예,12-10 날짜 · 생활 ← 12-6 숨은 업적 초안,문구 미작성 (12-10: '(확정) 문구 미정')
2-2,4-2,1월 1일에 운동,작심삼일의 첫날,통계적으로 1월 4일에 다시 뵙겠습니다,날짜 · 생활,(히든 · 등급 없음),1월 1일에 운동,저장: 월일(k) == 01-01,예,,기록 열쇠(날짜),예,12-10 날짜 · 생활 ← 12-6 숨은 업적 초안,
2-3,4-3,1월 4일에도 운동,통계를 이긴 자,작심삼일을 넘었습니다. 올해는 다를지도,날짜 · 생활,(히든 · 등급 없음),같은 해 1월 1일과 1월 4일에 모두 운동,저장: 월일(k) == 01-04 && 운동날 에 같은 해 01-01 있음,예,,기록 열쇠(날짜),예,12-10 날짜 · 생활 ← 12-6 숨은 업적 초안,'에도' 를 1월 1일에 이어 1월 4일도로 봄 [제안]
2-4,4-4,생일에 운동,스스로에게 주는 선물,케이크 대신 쇳덩이를 고른 당신,날짜 · 생활,(히든 · 등급 없음),생일(월 · 일)에 운동,저장: 월일(k) == 몸.생일 의 월일,예,,새 칸 몸.생일 — 지금은 나이만 있다,새 칸,12-10 날짜 · 생활 ← 12-6 숨은 업적 초안,
2-5,4-5,명절(설 · 추석) 당일 운동,전 부치다 온 사람,기름 냄새와 쇠 냄새가 공존합니다,날짜 · 생활,(히든 · 등급 없음),설날 · 추석 당일에 운동,저장: 날짜만(k) ∈ 명절표,예,,새 칸 명절표(해마다 설 · 추석 당일 양력 날짜 — 음력이라 해마다 다름),새 칸,12-10 날짜 · 생활 ← 12-6 숨은 업적 초안,표를 업적표 옆에 넣거나 android.icu ChineseCalendar 로 계산 [확인 필요: 한국 음력과 어긋나는 해] · 연휴 앞뒤 날 제외 [제안]
2-6,4-6,금요일 밤 10시 이후 운동,불금은 헬스장에서,"친구들은 술잔을, 당신은 바벨을",날짜 · 생활,(히든 · 등급 없음),금요일 밤 10시 이후에 운동 시작,저장: 요일(k) == 금 && 시작시(k) >= 22,예,,기록.시작시각,예,12-10 날짜 · 생활 ← 12-6 숨은 업적 초안,시작 시각 기준 [제안]
2-7,4-7,운동 시간 3시간 넘김,헬스장에 사는 사람,휴대폰 보는 시간도 운동 시간에 포함됐습니다,날짜 · 생활,(히든 · 등급 없음),한 번 운동 시간이 3시간 넘음,저장: 기록[k].걸린초 > 10800,예,,기록.걸린초,예,12-10 날짜 · 생활 ← 12-6 숨은 업적 초안,3시간 손대지 않으면 자동 종료(10-01) — 계속 체크하며 3시간을 넘긴 경우만 해당
2-8,4-8,휴식 시간 합계가 운동 시간보다 김,쉬는 게 본업,세트 사이에 인생을 돌아보셨군요,날짜 · 생활,(히든 · 등급 없음),실제로 쉰 시간 합이 운동 시간보다 김,저장: 실제휴식합(세션) >= 정한휴식합(세션) × 2 [제안],예,,새 칸 — 세트 체크 시각(세션),새 칸,12-10 날짜 · 생활 ← 12-6 숨은 업적 초안,문서 그대로(휴식 합 > 세트 하는 시간)면 거의 모든 날이 해당 → 뜻 확인 필요(스탯명세 8절). 세트 5개 이상 [제안]
2-9,4-9,같은 날 한 번 더 운동 3번,아직 배고프다,하루 한 번으로는 성에 안 차는 분,날짜 · 생활,(히든 · 등급 없음),같은 날 '한 번 더' 운동 누적 3번,저장: count(기록 열쇠에 '~' 있음) >= 3,예,,"기록 열쇠(~2, ~3 …)",예,12-10 날짜 · 생활 ← 12-6 숨은 업적 초안,누적 3번 [제안] (하루에 3번 더가 아님)
2-10,4-10,월요일 운동 20번,국제 가슴의 날 명예회원,"전 세계 벤치가 붐비는 날, 당신도 거기 있었습니다",날짜 · 생활,(히든 · 등급 없음),월요일에 운동 누적 20일,저장: count(운동날 d | 요일(d) == 월) >= 20,예,,기록,예,12-10 날짜 · 생활 ← 12-6 숨은 업적 초안,
2-11,4-11,하체 날 건너뛰기 5번,하체는 거들 뿐,상체가 무거워 보입니다. 균형을 생각해 주세요,날짜 · 생활,(히든 · 등급 없음),하체 날을 건너뛰거나 못 한 일 누적 5번,켤때: count(하체날 루틴이 건너뜀 또는 미실시) >= 5,예,,미실시(루틴 이름만) + 새 칸 건너뜀(날짜 → 루틴id),새 칸,12-10 날짜 · 생활 ← 12-6 숨은 업적 초안,하체날 = 루틴 종목 중 부위 '하체' 가 절반 이상 [제안] · 미실시만으로도 일부 가능(이름으로 루틴을 찾음 — 이름이 바뀌면 못 찾음)
2-12,4-12,메모에 '힘들다' 30번,솔직한 사람,힘든 걸 힘들다고 말하는 것도 용기입니다,날짜 · 생활,(히든 · 등급 없음),운동 메모에 '힘들' 이 들어간 메모 30개,즉시: count(운동메모 m | m.글 에 '힘들' 또는 '힘듦') >= 30,예,,새 칸 운동 메모,새 칸,12-10 날짜 · 생활 ← 12-6 숨은 업적 초안,지금 앱의 메모는 시험 기간용 '수정 메모'(Model.kt 수정메모)라 다르다 · 한 메모에 여러 번이어도 1개
2-13,4-13,1RM 딱 100.0kg 달성,세 자리의 문,"정확히 100. 우연일까요, 집념일까요",날짜 · 생활,(히든 · 등급 없음),그 날 어떤 종목의 1RM 이 정확히 100.0kg,"저장: ∃ 종목 · 반올림0.1(날RM(k, 종목)) == 100.0",예,,기록(세트 w·r·종류),예,12-10 날짜 · 생활 ← 12-6 숨은 업적 초안,에플리 환산값도 포함 (75kg × 10회 = 100.0)
2-14,4-14,한 달 쉬고 돌아옴,탕아의 귀환,봉은 당신을 기다렸습니다. 원판도요,날짜 · 생활,(히든 · 등급 없음),30일 이상 쉬다가 다시 운동,저장: 날짜만(k) − 직전 운동날 >= 31일 (사이 빈 날 30일 이상),예,,기록,예,12-10 날짜 · 생활 ← 12-6 숨은 업적 초안,2-51 과 조건이 같다(스탯명세 8절) · 한 달 = 30일 [제안]
2-15,4-15,새벽 3~5시 운동,잠 못 드는 쇠의 영혼,무엇이 당신을 이 시간에 불렀습니까,날짜 · 생활,(히든 · 등급 없음),새벽 3시~5시 사이에 운동 시작,저장: 3 <= 시작시(k) < 5,예,,기록.시작시각,예,12-10 날짜 · 생활 ← 12-6 숨은 업적 초안,1-37 과 겹친다
2-16,4-16,운동 시작하고 5분 만에 종료,출석 도장,"왔다는 게 중요하죠. 네, 그렇습니다",헬스장 생활,(히든 · 등급 없음),시작하고 5분 안에 운동 끝,저장: 0 < 기록[k].걸린초 <= 300,예,,기록.걸린초,예,12-10 헬스장 생활 ← 12-8 헬스장 생활,2-34(1분 미만)와 함께 달성될 수 있다
2-17,4-17,휴식 타이머를 10번 연속 건너뜀,휴식은 사치,심장이 보낸 항의 서한이 도착했습니다,헬스장 생활,(히든 · 등급 없음),휴식 타이머 '건너뛰기' 를 10번 연속,"즉시: 건너뛰기 → 세기[연속건너뜀] += 1, 휴식이 끝까지 돌면 0 → >= 10",예,,새 칸 세기(연속건너뜀),새 칸,12-10 헬스장 생활 ← 12-8 헬스장 생활,운동이 바뀌어도 이어 셈 [제안] · 건너뛰기 버튼은 이미 있다(WorkoutScreen.kt)
2-18,4-18,한 세트 휴식이 20분 넘음,인스타 보다 옴,쉬는 동안 계절이 바뀌었습니다,헬스장 생활,(히든 · 등급 없음),세트와 세트 사이가 20분을 넘음,체크할 때: 이번 체크 시각 − 직전 세트 체크 시각 > 1200초 (같은 운동 안),예,,새 칸 — 세션에 직전 체크 시각,새 칸,12-10 헬스장 생활 ← 12-8 헬스장 생활,정한 휴식 길이가 아니라 실제 시간 [제안]
2-19,4-19,루틴에 같은 종목 5번 넣음,한 우물만 판다,"벤치만 사랑하는 당신, 벤치도 당신을 사랑합니다",헬스장 생활,(히든 · 등급 없음),한 루틴에 같은 종목 줄을 5개 넣음,루틴 저장: ∃ 루틴 · max over 이름(count(루틴.종목 줄 | 이름)) >= 5,예,,루틴들,예,12-10 헬스장 생활 ← 12-8 헬스장 생활,
2-20,4-20,체중을 하루 3번 기록,체중계와 연애 중,숫자는 하루에도 변합니다. 사랑도 그렇죠,몸 · 체중,(히든 · 등급 없음),하루에 체중을 3번 적음,즉시: count(체중기록 | 같은 날) >= 3,예,,새 칸 체중기록(시각 · kg),새 칸,12-10 몸 · 체중 ← 12-8 몸 · 체중,값이 바뀐 저장만 셈 [제안]
2-21,4-21,팔둘레를 일주일에 5번 잼,줄자의 노예,어제와 같습니다. 정말입니다,몸 · 체중,(히든 · 등급 없음),7일 안에 팔둘레를 5번 잼,즉시: count(팔둘레 기록 | 최근 7일) >= 5,예,,신체 치수 기록(팔둘레),나중,12-10 몸 · 체중 ← 12-8 몸 · 체중,신체 치수 입력(12-2)이 먼저 필요
2-22,4-22,보충제 체크를 밤 11시 59분에,마감 직전의 성실,성실은 성실입니다. 아슬아슬해도,보충제 · 생활,(히든 · 등급 없음),보충제를 밤 11시 59분에 체크,즉시: 보충제 체크 시각의 시:분 == 23:59,예,,보충제 복용 기록(시각),나중,12-10 보충제 · 생활 ← 12-8 보충제 · 생활,보충제 기능(12-4 ⑨) 먼저
2-23,4-23,새벽 운동 후 수면 5시간 미만 10번,좀비 리프터,근육은 자면서 큽니다. 알고 계시죠?,보충제 · 생활,(히든 · 등급 없음),"새벽 운동한 날, 그 전 잠이 5시간 미만 — 누적 10번",저장 · 켤때: count(운동날 d | 시작시 < 6 && 수면(d 아침까지) < 5시간) >= 10,예,,수면 시간 기록(12-3 ④),나중,12-10 보충제 · 생활 ← 12-8 보충제 · 생활,새벽 = 6시 전 시작 [제안] · 어느 밤 잠인지 [제안: 운동 날 아침까지]
2-24,4-24,측정일에 목표를 20% 넘김,계획 파괴자,계산식이 당신을 과소평가했습니다. 죄송합니다,기록 · 측정,(히든 · 등급 없음),측정일 결과가 그 회 계획값의 120% 이상,저장: 이번에 생긴 향상기록 h 가 h.예상값 > 0 && h.측정값 >= h.예상값 × 1.2,예,,향상기록들(측정값 · 예상값),예,12-10 기록 · 측정 ← 12-8 기록 · 측정,'목표' = 그 회차 계획값 [제안] (최종 목표 아님) · 맨몸은 횟수 기준
2-25,4-25,1RM 이 정확히 체중과 같음,나를 들어 올리는 자,철학적인 순간입니다,기록 · 측정,(히든 · 등급 없음),그 날 어떤 종목의 1RM 이 체중과 정확히 같음,"저장: ∃ 종목 · 반올림0.1(날RM(k, 종목)) == 반올림0.1(체중)",예,,기록(세트 w·r·종류) · 몸.체중,예,12-10 기록 · 측정 ← 12-8 기록 · 측정,체중 = 판정 순간 설정 체중(몸.체중). 그날 체중 칸(12-1)이 생기면 그 기록의 체중으로
2-26,4-26,기록이 3번 연속 떨어짐,겨울잠,모든 영웅에겐 슬럼프 장이 있습니다,기록 · 측정,(히든 · 등급 없음),한 종목의 기록이 3번 연속 떨어짐,저장: 한 종목의 최근 4 기록일 날RM a1 > a2 > a3 > a4 (시간 순),예,,기록(세트 w·r·종류),예,12-10 기록 · 측정 ← 12-8 기록 · 측정,'기록' = 그 종목 그 날 최고 1RM [제안]
2-27,4-27,가기 싫은 날 체크 후 기록 갱신,억지로 와서 신기록,역시 인생은 알 수 없습니다,스트레스 · 의지력,(히든 · 등급 없음),가기 싫다고 체크한 날 기록 갱신,저장: 컨디션(k) 에 '가기 싫음' && 기록갱신(k).isNotEmpty(),예,,운동 전 컨디션 칩(12-4 ⑦),나중,12-10 스트레스 · 의지력 ← 12-8 스트레스 · 의지력,컨디션 칩이 먼저 필요
2-28,4-28,여름 새벽 폭염 경보일 운동,땀으로 쓰는 일기,에어컨 앞자리는 양보하셨나요?,계절 · 날짜,(히든 · 등급 없음),"여름, 폭염 경보가 내린 날 새벽에 운동",저장: 그 날 사는 곳 폭염경보 && 시작시(k) < 6,예,,날씨 특보 자료(위치 · 인터넷),나중,12-10 계절 · 날짜 ← 12-8 계절 · 날짜 (숨은),기상 특보를 받아 올 방법이 먼저 필요 · 경보만인지 주의보도인지 [제안: 경보만]
2-29,4-29,폭설 · 태풍 날 운동,날씨는 핑계일 뿐,그 길을 뚫고 오신 거예요? 진짜로?,계절 · 날짜,(히든 · 등급 없음),폭설 · 태풍 특보가 내린 날 운동,저장: 그 날 사는 곳 대설 또는 태풍 특보,예,,날씨 특보 자료(위치 · 인터넷),나중,12-10 계절 · 날짜 ← 12-8 계절 · 날짜 (숨은),기상 특보를 받아 올 방법이 먼저 필요
2-30,4-30,월말 마지막 날 몰아서 3번 운동,월말 정산,"이번 달 성실 스탯, 막차 탑승 성공",계절 · 날짜,(히든 · 등급 없음),그 달 마지막 날 하루에 운동 3번,저장: 날짜만(k) == 그 달 말일 && count(같은 날짜 기록) >= 3,예,,"기록 열쇠(~2, ~3)",예,12-10 계절 · 날짜 ← 12-8 계절 · 날짜 (숨은),
2-31,4-31,13일의 금요일 운동,불길한 날의 리프터,오늘 떨어뜨린 원판은 저주 탓입니다,계절 · 날짜,(히든 · 등급 없음),13일의 금요일에 운동,저장: 일(k) == 13 && 요일(k) == 금,예,,기록,예,12-10 계절 · 날짜 ← 12-8 계절 · 날짜 (숨은),
2-32,4-32,휴식 시간을 10분으로 설정,명상가,운동하러 오신 거 맞죠?,휴식 · 시간,(히든 · 등급 없음),휴식 시간을 10분 이상으로 정함,루틴 저장 · 운동 중 휴식 고침: 휴식 또는 휴식값 중 하나 >= 600초,예,,루틴종목.휴식 · 휴식값 · 세션종목.휴식들,예,12-10 휴식 · 시간 ← 12-9 휴식 · 시간,문서는 '10분으로' — 10분 이상으로 봄 [제안]
2-33,4-33,휴식 0초로 5세트,숨 쉬는 법을 잊은 자,폐가 사표를 냈습니다,휴식 · 시간,(히든 · 등급 없음),정한 휴식이 0초인 세트를 한 운동에서 5개 이상 함,저장: count(세션 체크한 세트 | 세트휴식(k) == 0) >= 5,예,,운동세션(세션종목.휴식 · 휴식들),예,12-10 휴식 · 시간 ← 12-9 휴식 · 시간,날기록에는 휴식이 남지 않음 → 저장하는 순간 세션으로만 판정 · 지난 기록 소급 불가
2-34,4-34,운동 기록 시간 1분 미만,번개,셔터 속도보다 빨랐습니다,휴식 · 시간,(히든 · 등급 없음),운동 시간 1분 미만으로 저장,저장: 0 < 기록[k].걸린초 < 60,예,,기록.걸린초,예,12-10 휴식 · 시간 ← 12-9 휴식 · 시간,
2-35,4-35,자정을 넘겨 운동 끝,신데렐라,12시가 지났는데도 근육은 그대로입니다,휴식 · 시간,(히든 · 등급 없음),자정을 넘겨 운동을 끝냄,저장: 날짜(끝시각) > 날짜(시작시각) (폰 시간대),예,,기록.시작시각 · 끝시각,예,12-10 휴식 · 시간 ← 12-9 휴식 · 시간,시각이 0 인 옛 기록 제외
2-36,4-36,작은 창(PiP) 켜 놓고 20분,딴짓 전문가,쉬는 동안 드라마 한 편 끝냈습니다,휴식 · 시간,(히든 · 등급 없음),한 운동에서 작은 창(PiP)이 켜진 시간 합 20분 이상,즉시: 세션 PiP초 >= 1200,예,,새 칸 — 세션에 PiP 켜진 초,새 칸,12-10 휴식 · 시간 ← 12-9 휴식 · 시간,PiP 화면은 이미 있다(PipScreen.kt)
2-37,4-37,"무게 합계가 정확히 1,000kg 인 날",1톤의 사나이,오늘 당신은 트럭 한 대분을 옮겼습니다,기록 · 숫자,(히든 · 등급 없음),"하루 볼륨 합이 정확히 1,000kg",저장: 반올림0.1(Σ 볼륨(그 날짜의 모든 기록)) == 1000.0,예,,기록(세트 w·r·종류),예,12-10 기록 · 숫자 ← 12-9 기록 · 숫자,"'무게 합계' = 볼륨(무게 × 횟수, 워밍업 · 측정 뺌 — Logic.kt 볼륨) [제안] · 한 번 더 기록 포함 날 단위"
2-38,4-38,"연간 누적 볼륨 1,000톤",인간 크레인,에펠탑 무게의 1/10 을 들었습니다. 계산은 대충입니다,기록 · 숫자,(히든 · 등급 없음),"한 해(1/1~12/31) 볼륨 합 1,000톤 이상","저장: Σ 볼륨(그 해 모든 기록) >= 1,000,000kg",예,,기록(세트 w·r·종류),예,12-10 기록 · 숫자 ← 12-9 기록 · 숫자,달력 한 해 [제안]
2-39,4-39,모든 세트를 정확히 10회로,십진법 신봉자,9도 11도 인정하지 않습니다,기록 · 숫자,(히든 · 등급 없음),한 운동의 모든 세트를 정확히 10회로,저장: 기록세트(k) 개수 >= 3 && 모두 r == 10,예,,기록(세트 w·r·종류),예,12-10 기록 · 숫자 ← 12-9 기록 · 숫자,세트 3개 이상 [제안] · 워밍업 뺌
2-40,4-40,같은 무게 · 횟수로 10주,평화주의자,변화는 싫습니다. 안정이 좋습니다,기록 · 숫자,(히든 · 등급 없음),한 종목을 10주 동안 똑같은 무게 · 횟수로,"저장: 한 종목에서 이어진 기록일들(>= 5일, 첫날~끝날 >= 70일)의 본운동 세트 (w, r) 목록이 모두 같음",예,,기록(세트 w·r·종류),예,12-10 기록 · 숫자 ← 12-9 기록 · 숫자,"'같다' = 그 날 본운동 세트들의 (w, r) 목록이 같음 [제안]"
2-41,4-41,1RM 69kg,숫자를 아는 사람,…네. 그렇습니다,기록 · 숫자,(히든 · 등급 없음),그 날 어떤 종목의 1RM 이 정확히 69kg,"저장: ∃ 종목 · 반올림0.1(날RM(k, 종목)) == 69.0",예,,기록(세트 w·r·종류),예,12-10 기록 · 숫자 ← 12-9 기록 · 숫자,
2-42,4-42,1RM 이 전날보다 딱 0.5kg 오름,티끌 모아 태산,0.5kg 도 기록은 기록입니다,기록 · 숫자,(히든 · 등급 없음),한 종목의 1RM 이 직전 기록일보다 딱 0.5kg 오름,저장: ∃ 종목 · 반올림0.1(날RM(k) − 날RM(그 종목 직전 기록일)) == 0.5,예,,기록(세트 w·r·종류),예,12-10 기록 · 숫자 ← 12-9 기록 · 숫자,'전날' = 그 종목의 직전 기록일 [제안]
2-43,4-43,메모 100개,운동 일기 작가,출판사에서 연락 올지도 모릅니다,메모 · 앱 사용,(히든 · 등급 없음),운동 메모 누적 100개,즉시: 운동메모.size >= 100,예,,새 칸 운동 메모,새 칸,12-10 메모 · 앱 사용 ← 12-9 메모 · 앱 사용,2-12 메모 참고
2-44,4-44,운동 중 메모 '아' 한 글자,할 말을 잃은 자,그 마음 압니다,메모 · 앱 사용,(히든 · 등급 없음),운동 중에 '아' 한 글자만 메모,"즉시: 운동 중 저장한 메모 글.trim() == ""아""",예,,새 칸 운동 메모,새 칸,12-10 메모 · 앱 사용 ← 12-9 메모 · 앱 사용,
2-45,4-45,루틴 이름 10번 바꿈,작명 중독,이름보다 운동을 바꿔 보는 건 어떨까요,메모 · 앱 사용,(히든 · 등급 없음),루틴 이름을 누적 10번 바꿈,즉시: 루틴 이름 바꿔 저장 → 세기[루틴이름바꿈] += 1 → >= 10,예,,새 칸 세기(루틴이름바꿈),새 칸,12-10 메모 · 앱 사용 ← 12-9 메모 · 앱 사용,모든 루틴 합 [제안] · 플랜 이름 바꾸기는 안 셈
2-46,4-46,설정 화면 50번 들어감,설정 장인,운동보다 설정을 더 많이 만졌습니다,메모 · 앱 사용,(히든 · 등급 없음),설정 화면을 누적 50번 엶,즉시: 설정 탭 열 때 세기[설정진입] += 1 → >= 50,예,,새 칸 세기(설정진입),새 칸,12-10 메모 · 앱 사용 ← 12-9 메모 · 앱 사용,
2-47,4-47,백업 30번,편집증 기록관,당신의 기록은 핵전쟁에도 살아남을 겁니다,메모 · 앱 사용,(히든 · 등급 없음),백업 내보내기 누적 30번,즉시: 백업 내보내기 성공 → 세기[백업] += 1 → >= 30,예,,새 칸 세기(백업),새 칸,12-10 메모 · 앱 사용 ← 12-9 메모 · 앱 사용,자동 백업(12-4 ⑪)이 생기면 자동은 안 셈 [제안]
2-48,4-48,가슴 운동만 4주 연속,상체 원툴,거울 앞에선 멋있습니다. 거울 앞에서만요,체형 · 부위,(히든 · 등급 없음),"4주 연속, 가슴 운동만 함",저장: 연속한 4개 주 모두 운동날 >= 1 && 그 4주 모든 기록의 모든 종목 부위 == '가슴',예,,기록 · 종목표.부위,예,12-10 체형 · 부위 ← 12-9 체형 · 부위,
2-49,4-49,팔 운동이 주의 절반,이두 신봉자,반팔 입을 날만 기다립니다,체형 · 부위,(히든 · 등급 없음),한 주 세트의 절반 이상이 팔 운동,저장: 이번 주(월~일) 본세트 >= 10 && 부위 '팔' 본세트 >= 본세트 × 0.5,예,,기록 · 종목표.부위,예,12-10 체형 · 부위 ← 12-9 체형 · 부위,세트 수 기준 · 최소 10세트 [제안]
2-50,4-50,복근 운동 100번,식스팩 탐험가,지방 아래 어딘가에 있습니다. 분명히,체형 · 부위,(히든 · 등급 없음),복근 운동을 한 날 누적 100일,저장: count(운동날 d | d 기록에 부위 == '복근' 종목) >= 100,예,,기록 · 종목표.부위,예,12-10 체형 · 부위 ← 12-9 체형 · 부위,100번 = 날 수 [제안] (세트 수 아님)
2-51,4-51,한 달 쉬고 복귀,나 다시 돌아갈래,"봉 앞에 선 당신, 그때로 돌아가고 싶습니까",영화 · 드라마 패러디 (짧은 대사만 · 출시 전 확인),(히든 · 등급 없음),30일 이상 쉬다가 다시 운동 (2-14 와 같음),저장: 날짜만(k) − 직전 운동날 >= 31일,예,,기록,예,12-10 영화 · 드라마 패러디 (짧은 대사만 · 출시 전 확인) ← 12-9 영화 · 드라마 패러디,2-14 와 조건이 같다(스탯명세 8절) · 영화 대사 패러디 — 출시 전 저작권 확인(12-8)
2-52,4-52,세트 시작 전 3분 넘게 멈춤,생각이 많아지셨나요?,바벨은 기다려 줍니다. 무한히는 아니고요,영화 · 드라마 패러디 (짧은 대사만 · 출시 전 확인),(히든 · 등급 없음),휴식이 끝난 뒤 3분 넘게 지나서 다음 세트 체크,체크할 때: 이번 체크 시각 − 휴식 끝 시각 > 180초,예,,새 칸 — 세션에 휴식 끝 시각 · 체크 시각,새 칸,12-10 영화 · 드라마 패러디 (짧은 대사만 · 출시 전 확인) ← 12-9 영화 · 드라마 패러디,휴식 0 인 세트는 직전 체크부터 [제안] · 2-18(체크 사이 20분)과 다름 · 패러디 — 출시 전 확인(12-8)
2-53,4-53,휴식 끝 알림에 바로 시작 10번,얼음 땡,"알림이 울리자마자 움직이는 당신, 탈락하지 않았습니다",영화 · 드라마 패러디 (짧은 대사만 · 출시 전 확인),(히든 · 등급 없음),휴식 끝 알림 뒤 10초 안에 다음 세트 체크 누적 10번,체크할 때: 이번 체크 시각 − 휴식 끝 시각 <= 10초 → 세기[바로시작] += 1 → >= 10,예,,새 칸 — 세션에 휴식 끝 시각 · 세기(바로시작),새 칸,12-10 영화 · 드라마 패러디 (짧은 대사만 · 출시 전 확인) ← 12-9 영화 · 드라마 패러디,'바로' = 10초 [제안] · 누적 · 패러디 — 출시 전 확인(12-8)
2-54,4-54,같은 운동 100일,늘 하던 대로,지루함과 싸워 이긴 자의 칭호,영화 · 드라마 패러디 (짧은 대사만 · 출시 전 확인),(히든 · 등급 없음),한 종목을 한 날 누적 100일,저장: max over 종목(count(운동날 d | d 에 그 종목)) >= 100,예,,기록,예,12-10 영화 · 드라마 패러디 (짧은 대사만 · 출시 전 확인) ← 12-9 영화 · 드라마 패러디,같은 종목 [제안] (같은 루틴 아님) · 패러디 — 출시 전 확인(12-8)
