번호,칭호번호,이름,칭호,등급,숨김,분류,이야기,이야기이름,설명(문구),플레이버초안
1-1,3-1,3대 200,쇠질 입문자,초보,아니오,3대 합계,A,원판을 다 쓴 자들,"봉이 무겁다는 걸 알게 된 당신, 시작이 반입니다",봉은 처음 쥔 손을 가리지 않는다. 다만 차갑다.
1-2,3-2,3대 300,3대 300,중급,아니오,3대 합계,A,원판을 다 쓴 자들,헬스장에서 '좀 하시네요' 소리 들을 준비 완료,세 종목의 숫자를 더하는 버릇은 여기서 생긴다. 잘 떨어지지 않는다.
1-3,3-3,3대 400,원판 수집가,중급,아니오,3대 합계,A,원판을 다 쓴 자들,이제 원판이 모자라 보이기 시작합니다. 존중합니다,걸 수 있는 원판을 전부 세어 본 자가 있다. 그날부터 헬스장이 좁아 보인다.
1-4,3-4,3대 500,오백의 사나이,고급,아니오,3대 합계,A,원판을 다 쓴 자들,축하합니다. 이제 이사할 때 부르는 사람 1순위입니다,오백을 넘은 자리에는 휘어진 봉이 남는다. 원판은 남지 않는다.
1-5,3-5,3대 600,중력 부정론자,미친자,아니오,3대 합계,A,원판을 다 쓴 자들,지구가 당신을 싫어합니다. 당신도 지구를 싫어하는 것 같고요,중력은 협상하지 않는다. 다만 한동안 모르는 척해 준다.
1-6,3-6,3대 700,인간 지게차,미친자,아니오,3대 합계,A,원판을 다 쓴 자들,존경합니다. 그런데 문 손잡이는 살살 잡아 주세요,칠백을 든 손은 문손잡이를 자주 바꾼다. 수리비를 받은 사람은 없다.
1-7,3-7,벤치 60,가슴 개척자,초보,아니오,종목별,A,원판을 다 쓴 자들,"봉 양쪽에 20kg, 첫 원판의 감동",양쪽에 원판 하나씩. 첫 원판의 무게는 숫자로 남지 않는다.
1-8,3-8,벤치 100,백벤치 클럽,중급,아니오,종목별,A,원판을 다 쓴 자들,인사 대신 '벤치 몇 치세요?' 를 들을 자격,세 자리는 하나의 문턱이다. 넘고 나면 아무도 그 숫자를 말하지 않는다.
1-9,3-9,벤치 140,가슴이 먼저 도착하는 사람,고급,아니오,종목별,A,원판을 다 쓴 자들,문을 열기 전에 가슴이 먼저 들어갑니다,어깨보다 가슴이 먼저 문을 지난다. 본인만 모른다.
1-10,3-10,스쿼트 140,하체 무시 안 함,중급,아니오,종목별,A,원판을 다 쓴 자들,닭다리 탈출을 공식 인증합니다,상체만 기르는 무리 속에 조용한 자가 있다. 증명은 바지 치수가 한다.
1-11,3-11,스쿼트 200,계단의 적,고급,아니오,종목별,A,원판을 다 쓴 자들,"스쿼트 200, 대신 다음 날 계단은 당신의 적입니다",이백을 앉았다 일어선 다리는 계단을 적으로 삼는다. 화해에는 이틀이 걸린다.
1-12,3-12,데드 180,바닥 청소부,중급,아니오,종목별,A,원판을 다 쓴 자들,바닥에 있는 건 뭐든 들어 올립니다,바닥에 놓인 것은 전부 들린다고 믿는 자가 있다. 대개 맞는 말이다.
1-13,3-13,데드 250,허리에 보험 든 사람,고급,아니오,종목별,A,원판을 다 쓴 자들,존경합니다. 보험사는 당신을 싫어합니다,허리는 말이 없다. 말이 생기는 날은 보통 늦다.
1-14,3-14,오버헤드 프레스 = 체중,하늘 받침대,중급,아니오,종목별,A,원판을 다 쓴 자들,천장이 낮게 느껴지기 시작합니다,제 몸무게를 머리 위로 올린 자는 천장을 자주 본다. 천장은 늘 낮아져 있다.
1-15,3-15,체중 대비 벤치 1배,내 몸은 내가 민다,중급,아니오,종목별,A,원판을 다 쓴 자들,자기 몸무게를 밀어낸 사람,제 무게를 밀어내는 일은 생각보다 늦게 온다. 오고 나면 당연해 보인다.
1-16,3-16,체중 대비 데드 2.5배,몸무게는 거들 뿐,고급,아니오,종목별,A,원판을 다 쓴 자들,당신의 체중은 이제 워밍업입니다,제 몸무게의 두 배 반. 이 숫자 앞에서 체중은 단위로만 쓰인다.
1-17,3-17,첫 맨몸 턱걸이 1회,철봉과 화해,초보,아니오,맨몸,B,철봉에서 내려오지 않은 자,드디어 철봉이 당신을 받아들였습니다,"철봉은 오래 거절한다. 턱이 봉을 넘는 날, 철봉은 아무 말도 하지 않는다."
1-18,3-18,팔굽혀펴기 20,바닥과 친구,초보,아니오,맨몸,B,철봉에서 내려오지 않은 자,군대 가도 안 혼납니다,바닥은 가장 먼저 배우는 기구다. 값도 들지 않는다.
1-19,3-19,턱걸이 연속 15,등이 넓어지는 중,중급,아니오,맨몸,B,철봉에서 내려오지 않은 자,문 지나갈 때 옆으로 서는 날이 옵니다,등이 넓어지는 것은 본인이 가장 늦게 안다. 문틀이 먼저 안다.
1-20,3-20,턱걸이 연속 30,중력 협상가,고급,아니오,맨몸,B,철봉에서 내려오지 않은 자,중력과 협상 중. 아직은 당신이 이기고 있습니다,서른 번째에서 중력은 잠시 물러선다. 물러선 것이지 진 것은 아니다.
1-21,3-21,턱걸이 연속 50,철봉 거주자,미친자,아니오,맨몸,B,철봉에서 내려오지 않은 자,주소지를 철봉으로 옮기셨나요? 존경과 걱정을 함께 보냅니다,철봉 아래에는 발자국이 남지 않는다. 내려온 적이 없기 때문이라고 한다.
1-22,3-22,맨몸 스쿼트 연속 100,무릎 장인,중급,아니오,맨몸,B,철봉에서 내려오지 않은 자,무릎이 고맙다고 전해 달래요,맨몸 스쿼트를 백 번 채운다. 무릎이 그 숫자를 먼저 기억한다.
1-23,3-23,맨몸 스쿼트 연속 500,앉았다 일어서기 명인,미친자,아니오,맨몸,B,철봉에서 내려오지 않은 자,의자가 필요 없는 삶. 그런데 왜 그러셨어요?,오백 번을 앉았다 일어선 자에게 의자는 쓸모가 없다. 왜 그랬는지는 끝내 밝혀지지 않았다.
1-24,3-24,플랭크 3분,버티기 달인,중급,아니오,맨몸,B,철봉에서 내려오지 않은 자,세상 풍파도 이렇게 버티면 됩니다,삼 분은 짧다. 엎드린 사람에게만 길다.
1-25,3-25,플랭크 10분,인간 판자,미친자,아니오,맨몸,B,철봉에서 내려오지 않은 자,10분 동안 뭘 생각하셨는지 궁금합니다,"십 분 동안 바닥을 보며 무엇을 생각하는지, 본인도 설명하지 못한다고 한다."
1-26,3-26,팔둘레 40,반팔이 끼는 사람,중급,아니오,둘레 · 몸,D,줄자를 든 사람,소매가 슬슬 불편해집니다,소매가 먼저 항의한다. 줄자는 그다음에 온다.
1-27,3-27,팔둘레 50,반팔 파괴자,고급,아니오,둘레 · 몸,D,줄자를 든 사람,옷 가게 점원이 당신을 기억합니다,옷가게 점원이 치수를 외운다. 손님은 하나뿐이다.
1-28,3-28,허벅지 60,청바지의 적,중급,아니오,둘레 · 몸,D,줄자를 든 사람,청바지 매장에서 한숨이 늘었습니다,허벅지가 맞으면 허리가 남는다. 이 문제를 푼 사람은 아직 없다.
1-29,3-29,체지방률 첫 1%p 감소,지방과 이별 중,중급,아니오,둘레 · 몸,D,줄자를 든 사람,"천천히, 그러나 확실하게",처음 잰 숫자보다 하나가 줄었다. 그 하나가 가장 오래 걸린다.
1-30,3-30,골격근량 +5kg,근육 저축왕,고급,아니오,둘레 · 몸,D,줄자를 든 사람,통장 잔고보다 근육 잔고가 먼저 늘었습니다,오 킬로그램은 통장에 찍히지 않는다. 대신 어디에 있는지는 안다.
1-31,3-31,첫 운동 기록,첫 발자국,초보,아니오,꾸준함 · 성실,C,쉬는 법을 몰랐던 은자,오늘 온 것만으로 이미 대단합니다,첫 기록은 한 줄이다. 모든 장부가 한 줄에서 시작한다.
1-32,3-32,주 3회 × 4주,습관의 씨앗,초보,아니오,꾸준함 · 성실,C,쉬는 법을 몰랐던 은자,"한 달을 버틴 당신, 절반은 성공입니다",네 주를 채우면 몸보다 달력이 먼저 바뀐다. 습관은 거기서 자란다.
1-33,3-33,12주 연속 계획 달성,약속을 지키는 사람,중급,아니오,꾸준함 · 성실,C,쉬는 법을 몰랐던 은자,석 달 동안 자신과의 약속을 지켰습니다,석 달 동안 어긴 약속이 없다. 지켜볼 사람이 자기뿐이어도 그렇다.
1-34,3-34,1년 동안 주 3회 이상,헬스장 지박령,고급,아니오,꾸준함 · 성실,C,쉬는 법을 몰랐던 은자,관장님보다 헬스장에 오래 있습니다,오십두 주를 비우지 않은 자리에는 이름이 붙는다. 본인은 모른다.
1-35,3-35,365일 연속 운동,일상생활 가능하신가요?,미친자,아니오,꾸준함 · 성실,C,쉬는 법을 몰랐던 은자,존경합니다. 그런데 휴식도 운동입니다,쉬는 법은 배우지 않으면 잊힌다. 잊은 자는 대개 누운 뒤에 다시 배운다.
1-36,3-36,보충제 30일 빠짐없이,영양 성실왕,중급,아니오,꾸준함 · 성실,C,쉬는 법을 몰랐던 은자,크레아틴이 당신을 자랑스러워합니다,서른 날을 거르지 않는 일은 들어 올리는 일보다 어렵다. 숟가락도 기구다.
1-37,3-37,새벽 5시 전 운동 30번,새벽의 망령,미친자,아니오,꾸준함 · 성실,C,쉬는 법을 몰랐던 은자,해보다 먼저 일어나는 사람. 잠은 언제 주무세요?,해보다 먼저 일어난 날이 서른 번. 잠이 어디로 갔는지는 기록에 없다.
1-38,3-38,계획된 휴식일 제대로 쉼 10번,쉴 줄 아는 사람,초보,아니오,스트레스 · 회복,C,쉬는 법을 몰랐던 은자,근육은 쉴 때 자랍니다. 잘하셨어요,쉰 날도 기록이다. 근육은 그 줄에서 자란다.
1-39,3-39,가기 싫은데 간 날 50번,의지의 화신,중급,아니오,스트레스 · 회복,C,쉬는 법을 몰랐던 은자,싫은 걸 해낸 날이 쌓여 지금의 당신이 됐습니다,가기 싫던 날의 기록이 쉰 줄. 좋아서 간 날보다 오래 남는다.
1-40,3-40,스트레스 최고치에서도 운동,스트레스를 들어 올리는 자,미친자,아니오,스트레스 · 회복,C,쉬는 법을 몰랐던 은자,그 스트레스도 1RM 에 포함해 드릴까요?,들 수 없는 것을 들러 온 자가 있다. 봉은 그것까지 받아 준다.
1-41,3-41,2주 연속 휴식,전략적 후퇴,유머,아니오,스트레스 · 회복,C,쉬는 법을 몰랐던 은자,후퇴가 아닙니다. 재정비입니다. (그렇죠?),봉은 두 주를 기다린다. 기다리는 일에는 원래 능하다.
1-42,3-42,첫 기록 갱신,성장의 맛,초보,아니오,기록 갱신,A,원판을 다 쓴 자들,어제의 나를 이겼습니다,처음 숫자가 올라간 날을 기억하는 자는 드물다. 그날부터 숫자를 세기 때문이다.
1-43,3-43,기록 갱신 50번,기록 사냥꾼,중급,아니오,기록 갱신,A,원판을 다 쓴 자들,갱신이 취미가 됐습니다,쉰 번을 넘기면 갱신은 사건이 아니라 일과가 된다. 사냥감은 늘 자기 자신이다.
1-44,3-44,1년 전 나보다 모든 스탯 상승,1년 전의 나에게,고급,아니오,기록 갱신,A,원판을 다 쓴 자들,1년 전의 당신이 지금의 당신을 보면 놀랄 겁니다,일 년 전의 기록은 남의 것처럼 읽힌다. 실제로 남이었다고 한다.
1-45,3-45,헬스장 첫 방문 기록,낯선 쇳소리,초보,아니오,헬스장 생활,E,달력을 지키는 문지기,모두 여기서 시작했습니다. 저 근육맨도요,처음 들어선 날의 소리는 오래 남는다. 곧 들리지 않게 된다.
1-46,3-46,같은 시간대 운동 30번,그 시간의 고정 멤버,중급,아니오,헬스장 생활,E,달력을 지키는 문지기,이제 관장님이 당신 없으면 걱정합니다,같은 시각에 서른 번. 없는 날에는 누군가 시계를 본다.
1-47,3-47,체중 5kg 감량,가벼워진 발걸음,중급,아니오,몸 · 체중,D,줄자를 든 사람,계단이 한 칸 낮아진 것 같지 않나요?,계단이 한 칸 낮아진 것처럼 느껴진다. 계단은 그대로다.
1-48,3-48,체중 20kg 감량,다른 사람이 되어 돌아옴,고급,아니오,몸 · 체중,D,줄자를 든 사람,옛 사진 속 사람과 인사하세요,옛 사진 속 사람과 눈이 마주친다. 서로 아는 척하지 않는다.
1-49,3-49,크레아틴 100일,크레아틴 신도,중급,아니오,보충제 · 생활,D,줄자를 든 사람,물 마시는 양이 두 배가 됐습니다,백 일을 거르지 않는다. 물통이 먼저 커졌다.
1-50,3-50,측정일 전부 참석 (1년),시험을 피하지 않는 자,중급,아니오,기록 · 측정,F,장부를 적는 서기,결과보다 마주하는 용기에 박수를,한 해 동안 재는 날을 피하지 않는다. 결과보다 그쪽이 어렵다.
1-51,3-51,스트레스 높은 날 운동 20번,쇠로 푸는 사람,중급,아니오,스트레스 · 의지력,C,쉬는 법을 몰랐던 은자,쇳덩이는 말없이 들어줍니다,쇳덩이는 묻지 않는다. 그래서 스무 번을 찾아온다.
1-52,3-52,스트레스 0 을 30일 유지,해탈한 리프터,미친자,아니오,스트레스 · 의지력,C,쉬는 법을 몰랐던 은자,혹시 스님이세요?,서른 날 동안 흔들림이 없다. 그 경지를 설명한 기록은 없다.
1-53,3-53,하체 운동 주 2회 × 12주,하체를 버리지 않은 자,중급,아니오,체형 · 부위,D,줄자를 든 사람,다리가 당신을 기억할 겁니다. 계단에서요,열두 주 동안 다리를 미루지 않는다. 드문 일이다.
2-1,4-1,크리스마스에 운동,산타도 쉬는 날,(히든 · 등급 없음),예,날짜 · 생활,E,달력을 지키는 문지기,(확정) 문구 미정,그날은 모두가 쉰다. 모두에 들지 않는 자가 하나 있다.
2-2,4-2,1월 1일에 운동,작심삼일의 첫날,(히든 · 등급 없음),예,날짜 · 생활,E,달력을 지키는 문지기,통계적으로 1월 4일에 다시 뵙겠습니다,한 해의 첫날에는 사람이 많다. 넷째 날에는 자리가 넉넉하다.
2-3,4-3,1월 4일에도 운동,통계를 이긴 자,(히든 · 등급 없음),예,날짜 · 생활,E,달력을 지키는 문지기,작심삼일을 넘었습니다. 올해는 다를지도,넷째 날에도 자리를 지킨 자가 있다. 통계는 그를 세지 않는다.
2-4,4-4,생일에 운동,스스로에게 주는 선물,(히든 · 등급 없음),예,날짜 · 생활,E,달력을 지키는 문지기,케이크 대신 쇳덩이를 고른 당신,태어난 날에 쇠를 든다. 초를 끄는 일보다 오래 걸린다.
2-5,4-5,명절(설 · 추석) 당일 운동,전 부치다 온 사람,(히든 · 등급 없음),예,날짜 · 생활,E,달력을 지키는 문지기,기름 냄새와 쇠 냄새가 공존합니다,기름 냄새를 묻히고 들어선다. 쇠 냄새가 그것을 덮지 못한다.
2-6,4-6,금요일 밤 10시 이후 운동,불금은 헬스장에서,(히든 · 등급 없음),예,날짜 · 생활,E,달력을 지키는 문지기,"친구들은 술잔을, 당신은 바벨을",금요일 밤의 헬스장은 조용하다. 조용한 이유는 모두가 안다.
2-7,4-7,운동 시간 3시간 넘김,헬스장에 사는 사람,(히든 · 등급 없음),예,날짜 · 생활,E,달력을 지키는 문지기,휴대폰 보는 시간도 운동 시간에 포함됐습니다,세 시간은 운동 시간이 아니라 체류 시간이다. 구분은 본인만 한다.
2-8,4-8,휴식 시간 합계가 운동 시간보다 김,쉬는 게 본업,(히든 · 등급 없음),예,날짜 · 생활,E,달력을 지키는 문지기,세트 사이에 인생을 돌아보셨군요,세트 사이에서 인생이 한 바퀴 돈다. 돌아오면 다음 세트가 기다린다.
2-9,4-9,같은 날 한 번 더 운동 3번,아직 배고프다,(히든 · 등급 없음),예,날짜 · 생활,E,달력을 지키는 문지기,하루 한 번으로는 성에 안 차는 분,한 번으로 끝나지 않는 날이 있다. 그런 날이 세 번 쌓였다.
2-10,4-10,월요일 운동 20번,국제 가슴의 날 명예회원,(히든 · 등급 없음),예,날짜 · 생활,E,달력을 지키는 문지기,"전 세계 벤치가 붐비는 날, 당신도 거기 있었습니다",월요일의 벤치에는 줄이 선다. 누가 정한 규칙인지는 아무도 모른다.
2-11,4-11,하체 날 건너뛰기 5번,하체는 거들 뿐,(히든 · 등급 없음),예,날짜 · 생활,E,달력을 지키는 문지기,상체가 무거워 보입니다. 균형을 생각해 주세요,다섯 번 미뤄진 날이 있다. 미뤄진 날도 달력에는 남는다.
2-12,4-12,메모에 '힘들다' 30번,솔직한 사람,(히든 · 등급 없음),예,날짜 · 생활,E,달력을 지키는 문지기,힘든 걸 힘들다고 말하는 것도 용기입니다,서른 번 같은 말을 적는다. 적고 나면 조금 가벼워진다고 한다.
2-13,4-13,1RM 딱 100.0kg 달성,세 자리의 문,(히든 · 등급 없음),예,날짜 · 생활,E,달력을 지키는 문지기,"정확히 100. 우연일까요, 집념일까요",소수점까지 꼭 맞는 날이 있다. 우연이라기엔 여러 번이다.
2-14,4-14,한 달 쉬고 돌아옴,탕아의 귀환,(히든 · 등급 없음),예,날짜 · 생활,E,달력을 지키는 문지기,봉은 당신을 기다렸습니다. 원판도요,한 달 비운 자리에는 먼지가 앉지 않는다. 다른 사람이 썼기 때문이다.
2-15,4-15,새벽 3~5시 운동,잠 못 드는 쇠의 영혼,(히든 · 등급 없음),예,날짜 · 생활,E,달력을 지키는 문지기,무엇이 당신을 이 시간에 불렀습니까,세 시의 헬스장에는 조명만 깨어 있다. 그리고 한 사람.
2-16,4-16,운동 시작하고 5분 만에 종료,출석 도장,(히든 · 등급 없음),예,헬스장 생활,E,달력을 지키는 문지기,"왔다는 게 중요하죠. 네, 그렇습니다",오 분 만에 나간다. 기록에는 왔다는 사실만 남는다.
2-17,4-17,휴식 타이머를 10번 연속 건너뜀,휴식은 사치,(히든 · 등급 없음),예,헬스장 생활,E,달력을 지키는 문지기,심장이 보낸 항의 서한이 도착했습니다,쉬라는 신호를 열 번 넘긴다. 신호는 열한 번째에도 온다.
2-18,4-18,한 세트 휴식이 20분 넘음,인스타 보다 옴,(히든 · 등급 없음),예,헬스장 생활,E,달력을 지키는 문지기,쉬는 동안 계절이 바뀌었습니다,세트와 세트 사이에 먼지가 앉는다. 무게는 그대로다.
2-19,4-19,루틴에 같은 종목 5번 넣음,한 우물만 판다,(히든 · 등급 없음),예,헬스장 생활,E,달력을 지키는 문지기,"벤치만 사랑하는 당신, 벤치도 당신을 사랑합니다",한 루틴에 같은 이름이 다섯 번 적힌다. 적은 사람은 이상하게 여기지 않는다.
2-20,4-20,체중을 하루 3번 기록,체중계와 연애 중,(히든 · 등급 없음),예,몸 · 체중,D,줄자를 든 사람,숫자는 하루에도 변합니다. 사랑도 그렇죠,하루에 세 번 재도 숫자는 솔직하지 않다. 그래도 또 올라선다.
2-21,4-21,팔둘레를 일주일에 5번 잼,줄자의 노예,(히든 · 등급 없음),예,몸 · 체중,D,줄자를 든 사람,어제와 같습니다. 정말입니다,이레 사이에 다섯 번. 줄자는 매번 같은 답을 돌려준다.
2-22,4-22,보충제 체크를 밤 11시 59분에,마감 직전의 성실,(히든 · 등급 없음),예,보충제 · 생활,D,줄자를 든 사람,성실은 성실입니다. 아슬아슬해도,하루가 끝나기 일 분 전. 성실의 기준에는 시간이 적혀 있지 않다.
2-23,4-23,새벽 운동 후 수면 5시간 미만 10번,좀비 리프터,(히든 · 등급 없음),예,보충제 · 생활,D,줄자를 든 사람,근육은 자면서 큽니다. 알고 계시죠?,근육은 자는 동안 자란다고 한다. 그 말을 열 번 무시했다.
2-24,4-24,측정일에 목표를 20% 넘김,계획 파괴자,(히든 · 등급 없음),예,기록 · 측정,F,장부를 적는 서기,계산식이 당신을 과소평가했습니다. 죄송합니다,계산은 그를 낮게 보았다. 계산이 사과한 기록은 없다.
2-25,4-25,1RM 이 정확히 체중과 같음,나를 들어 올리는 자,(히든 · 등급 없음),예,기록 · 측정,F,장부를 적는 서기,철학적인 순간입니다,제 무게와 똑같은 숫자가 뜬다. 잠깐 서서 그것을 본다.
2-26,4-26,기록이 3번 연속 떨어짐,겨울잠,(히든 · 등급 없음),예,기록 · 측정,F,장부를 적는 서기,모든 영웅에겐 슬럼프 장이 있습니다,숫자가 세 번 내려간다. 내려가는 구간도 장부에 적힌다.
2-27,4-27,가기 싫은 날 체크 후 기록 갱신,억지로 와서 신기록,(히든 · 등급 없음),예,스트레스 · 의지력,C,쉬는 법을 몰랐던 은자,역시 인생은 알 수 없습니다,가장 가기 싫던 날에 숫자가 올라간다. 이유를 아는 사람은 없다.
2-28,4-28,여름 새벽 폭염 경보일 운동,땀으로 쓰는 일기,(히든 · 등급 없음),예,계절 · 날짜,E,달력을 지키는 문지기,에어컨 앞자리는 양보하셨나요?,경보가 내린 날의 새벽에도 문은 열려 있다. 들어선 사람은 하나다.
2-29,4-29,폭설 · 태풍 날 운동,날씨는 핑계일 뿐,(히든 · 등급 없음),예,계절 · 날짜,E,달력을 지키는 문지기,그 길을 뚫고 오신 거예요? 진짜로?,길이 막힌 날에도 도착한 자가 있다. 어떻게 왔는지는 묻지 않는다.
2-30,4-30,월말 마지막 날 몰아서 3번 운동,월말 정산,(히든 · 등급 없음),예,계절 · 날짜,E,달력을 지키는 문지기,"이번 달 성실 스탯, 막차 탑승 성공",달의 마지막 날에 셈을 맞춘다. 숫자는 맞고 몸은 모른다.
2-31,4-31,13일의 금요일 운동,불길한 날의 리프터,(히든 · 등급 없음),예,계절 · 날짜,E,달력을 지키는 문지기,오늘 떨어뜨린 원판은 저주 탓입니다,그날 떨어뜨린 원판은 날짜 탓이다. 아무도 반박하지 않는다.
2-32,4-32,휴식 시간을 10분으로 설정,명상가,(히든 · 등급 없음),예,휴식 · 시간,C,쉬는 법을 몰랐던 은자,운동하러 오신 거 맞죠?,십 분짜리 휴식을 정한 자가 있다. 무엇을 하는지는 적혀 있지 않다.
2-33,4-33,휴식 0초로 5세트,숨 쉬는 법을 잊은 자,(히든 · 등급 없음),예,휴식 · 시간,C,쉬는 법을 몰랐던 은자,폐가 사표를 냈습니다,숨 쉴 틈을 지운 다섯 세트. 폐는 이 결정에 동의한 적이 없다.
2-34,4-34,운동 기록 시간 1분 미만,번개,(히든 · 등급 없음),예,휴식 · 시간,C,쉬는 법을 몰랐던 은자,셔터 속도보다 빨랐습니다,들어와서 나가기까지 한 숨. 기록에는 분명히 남아 있다.
2-35,4-35,자정을 넘겨 운동 끝,신데렐라,(히든 · 등급 없음),예,휴식 · 시간,C,쉬는 법을 몰랐던 은자,12시가 지났는데도 근육은 그대로입니다,날짜가 바뀌어도 무게는 바뀌지 않는다. 바뀐 것은 날짜뿐이다.
2-36,4-36,작은 창(PiP) 켜 놓고 20분,딴짓 전문가,(히든 · 등급 없음),예,휴식 · 시간,C,쉬는 법을 몰랐던 은자,쉬는 동안 드라마 한 편 끝냈습니다,쉬는 동안 작은 창에서 이야기가 하나 끝난다. 세트는 아직 남아 있다.
2-37,4-37,"무게 합계가 정확히 1,000kg 인 날",1톤의 사나이,(히든 · 등급 없음),예,기록 · 숫자,F,장부를 적는 서기,오늘 당신은 트럭 한 대분을 옮겼습니다,하루에 옮긴 무게가 정확히 한 톤. 트럭 한 대분이라고 한다.
2-38,4-38,"연간 누적 볼륨 1,000톤",인간 크레인,(히든 · 등급 없음),예,기록 · 숫자,F,장부를 적는 서기,에펠탑 무게의 1/10 을 들었습니다. 계산은 대충입니다,한 해의 합이 천 톤이다. 이쯤 되면 단위를 바꿔야 한다.
2-39,4-39,모든 세트를 정확히 10회로,십진법 신봉자,(히든 · 등급 없음),예,기록 · 숫자,F,장부를 적는 서기,9도 11도 인정하지 않습니다,모든 세트가 열 번에서 멈춘다. 아홉도 열하나도 기록이 아니다.
2-40,4-40,같은 무게 · 횟수로 10주,평화주의자,(히든 · 등급 없음),예,기록 · 숫자,F,장부를 적는 서기,변화는 싫습니다. 안정이 좋습니다,열 주 동안 같은 숫자를 적는다. 변하지 않는 것에도 성실이 든다.
2-41,4-41,1RM 69kg,숫자를 아는 사람,(히든 · 등급 없음),예,기록 · 숫자,F,장부를 적는 서기,…네. 그렇습니다,어떤 숫자는 적는 사람이 먼저 웃는다. 장부는 웃지 않는다.
2-42,4-42,1RM 이 전날보다 딱 0.5kg 오름,티끌 모아 태산,(히든 · 등급 없음),예,기록 · 숫자,F,장부를 적는 서기,0.5kg 도 기록은 기록입니다,오백 그램이 올랐다. 장부에서는 한 줄이다.
2-43,4-43,메모 100개,운동 일기 작가,(히든 · 등급 없음),예,메모 · 앱 사용,F,장부를 적는 서기,출판사에서 연락 올지도 모릅니다,백 개의 메모가 쌓인다. 읽는 사람은 본인뿐이다.
2-44,4-44,운동 중 메모 '아' 한 글자,할 말을 잃은 자,(히든 · 등급 없음),예,메모 · 앱 사용,F,장부를 적는 서기,그 마음 압니다,한 글자로 끝난 메모가 있다. 그날의 기록으로는 충분하다.
2-45,4-45,루틴 이름 10번 바꿈,작명 중독,(히든 · 등급 없음),예,메모 · 앱 사용,F,장부를 적는 서기,이름보다 운동을 바꿔 보는 건 어떨까요,같은 루틴에 열 번째 이름이 붙는다. 내용은 그대로다.
2-46,4-46,설정 화면 50번 들어감,설정 장인,(히든 · 등급 없음),예,메모 · 앱 사용,F,장부를 적는 서기,운동보다 설정을 더 많이 만졌습니다,설정 화면을 쉰 번 연다. 바꾼 것은 몇 개 되지 않는다.
2-47,4-47,백업 30번,편집증 기록관,(히든 · 등급 없음),예,메모 · 앱 사용,F,장부를 적는 서기,당신의 기록은 핵전쟁에도 살아남을 겁니다,서른 벌의 사본이 있다. 잃어버린 적은 한 번도 없다.
2-48,4-48,가슴 운동만 4주 연속,상체 원툴,(히든 · 등급 없음),예,체형 · 부위,D,줄자를 든 사람,거울 앞에선 멋있습니다. 거울 앞에서만요,거울 앞에서는 완성돼 보인다. 거울은 정면만 비춘다.
2-49,4-49,팔 운동이 주의 절반,이두 신봉자,(히든 · 등급 없음),예,체형 · 부위,D,줄자를 든 사람,반팔 입을 날만 기다립니다,한 주의 절반이 팔에 간다. 나머지 절반도 팔을 생각한다.
2-50,4-50,복근 운동 100번,식스팩 탐험가,(히든 · 등급 없음),예,체형 · 부위,D,줄자를 든 사람,지방 아래 어딘가에 있습니다. 분명히,백 일을 파도 나오지 않는 것이 있다. 있다는 믿음만 굳어진다.
2-51,4-51,한 달 쉬고 복귀,나 다시 돌아갈래,(히든 · 등급 없음),예,영화 · 드라마 패러디 (짧은 대사만 · 출시 전 확인),F,장부를 적는 서기,"봉 앞에 선 당신, 그때로 돌아가고 싶습니까",한 달 만에 문을 연다. 봉은 그 자리에 그대로 있다.
2-52,4-52,세트 시작 전 3분 넘게 멈춤,생각이 많아지셨나요?,(히든 · 등급 없음),예,영화 · 드라마 패러디 (짧은 대사만 · 출시 전 확인),F,장부를 적는 서기,바벨은 기다려 줍니다. 무한히는 아니고요,다음 세트 앞에서 삼 분이 지난다. 봉은 재촉하지 않는다.
2-53,4-53,휴식 끝 알림에 바로 시작 10번,얼음 땡,(히든 · 등급 없음),예,영화 · 드라마 패러디 (짧은 대사만 · 출시 전 확인),F,장부를 적는 서기,"알림이 울리자마자 움직이는 당신, 탈락하지 않았습니다",알림이 끝나기 전에 손이 먼저 간다. 열 번 모두 그랬다.
2-54,4-54,같은 운동 100일,늘 하던 대로,(히든 · 등급 없음),예,영화 · 드라마 패러디 (짧은 대사만 · 출시 전 확인),F,장부를 적는 서기,지루함과 싸워 이긴 자의 칭호,백 날 동안 같은 이름이 적힌다. 지루함도 기록이 된다.
